id,name
Aguascalientes (1),
,
1 Aguascalientes,
2 Asientos,
3 Calvillo,
4 Cosio,
5 Jesús Maria,
6 Pabellón de Arteaga,
7 Rincón de Romos,
8 San José de Gracia,
9 Tepezala,
10 El Llano,
11 San Francisco de los Romos,
,
,
,
Baja California del Norte (2),
,
1 Ensenada,
2 Mexicali,
3 Tecate,
4 Tijuana,
5 Playas de Rosarito,
,
,
,
Baja California del Sur (3),
,
1 Comondu,
2 Mulegé,
3 La Paz,
8 Los Cabos,
9 Loreto,
Campeche (4),
,
1 Calkiní,
2 Campeche,
3 Carmen,
4 Champotón,
5 Hecelchakán,
6 Hopelchén,
7 Palizada,
8 Tenabo,
9 Escárcega,
10 Calakmul,
11 Candelaria,
,
,
,
Coahuila de Zaragoza (5),
,
1 Abasolo,
2Acuña,
3 Allende,
4 Arteaga,
5 Candela,
6 Castaños,
7 Cuatro Ciénegas,
8 Escobedo,
9 Francisco I. Madero,
10 Frontera,
11 General Cepeda,
12 Guerrero,
13 Hidalgo,
14 Jiménez,
15 Juárez,
16 Lamadrid,
17 Matamoros,
18 Monclova,
19 Morelos,
20 Múzquiz,
21 Nadadores,
22 Nava,
23 Ocampo,
24 Parras,
25 Piedras Negras,
26 Progreso,
27 Ramos Arizpe,
28 Sabinas,
29 Sacramento,
30 Saltillo,
31 San Buenaventura,
32 San Juan de Sabinas,
33 San Pedro,
34 Sierra Mojada,
35 Torreón,
36 Viesca,
37 Villa Unión,
38 Zaragoza,
,
,
,
Colima (6),
,
1 Armería,
2 Colima,
3 Comala,
4 Coquimatlán,
5 Cuauhtémoc,
6 Ixtlahuacán,
7 Manzanillo,
8 Minatitlán,
9 Tecomán,
10 Villa de Álvarez,
,
,
,
Chiapas (7),
,
1 Acacoyagua,
2 Acala,
3 Acapetahua,
4 Altamirano,
5 Amatán,
6 Amatenango de la Frontera,
7 Amatenango del Valle,
8 Ángel Albino Corzo,
9 Arriaga,
10 Bejucal de Ocampo,
11 Bella Vista,
12 Berriozábal,
13 Bochil,
14 El Bosque,
15 Cacahoatán,
16 Catazajá,
17 Cintalapa,
18 Coapilla,
19 Comitán de Domínguez,
20 La Concordia,
21 Copainalá,
22 Chalchihuitán,
23 Chamula,
24 Chanal,
25 Chapultenango,
26 Chenalhó,
27 Chiapa de Corso,
28 Chiapilla,
29 Chicoasén,
30 Chicomuselo,
31,Chilón
32,Escuintla
33,Francisco León
34,Frontera Comalapa
35,Frontera Hidalgo
36,La Grandeza
37,Huehuetán
38,Huixtán
39,Huitiupán
40,Huixtla
41,La Independencia
42,Ixhuatán
43,Ixtacomitán
44,Ixtapa
45,Ixtapangajoya
46,Jiquipilas
47,Jitotol
48,Juárez
49,Larráinzar
50,La Libertad
51,Mapastepec
52,Las Margaritas
53,Mazapa de Madero
54,Mazatán
55,Metapa
56,Mitontic
57,Motozintla
58,Nicolás Ruíz
59,Ocosingo
60,Ocotepec
61,Ocozocoautla de Espinosa
62,Ostuacán
63,Osumacinta
64,Oxchuc
65,Palenque
66,Pantelhó
67,Pantepec
68,Pichucalco
69,Pijijiapan
70,El Porvenir
71,Villa Comaltitlán
72,Pueblo Nuevo Solistahuacan
73,Rayón
74,Reforma
75,Las Rosas
76,Sabanilla
77,Salto de Agua
78,San Cristobal de las Casas
79,San Fernando
80,Siltepec
81,Simojovel
82,Sitalá
83,Sojoltenango
84,Solusuchiapa
85,Soyaló
86,Suchiapa
87,Suchiate
88,Sunuapa
89,Tapachula
90,Tapalapa
91,Tapilula
92,Tecpatán
93,Tenejapa
94,Teopisca
96,Tila
97,Tonalá
98,Totolapa
99,La Trinitaria
100,Tumbalá
101,Tuxtla Gutiérrez
102 Tuxtla Chico,
103 Tuzantán,
104 Tzimol,
105 Unión Juárez,
106 Venustiano Carranza,
107 Villa Corzo,
108 Villa Flores,
109 Yajalón,
110 San Lucas,
111 Zinacantán,
112 San Juan Cancuc,
113 Aldama,
114 Benemérito de las Américas,
115 Maravilla Tenejapa,
116 Marqués de Comillas,
117 Montecristo de Guerrero,
118 San Andrés Duraznal,
119 Santiago El Pinar,
,
,
,
Chihuahua (8),
,
1 Ahumada,
2 Aldama,
3 Allende,
4 Aquiles Serdán,
5 Ascención,
6 Bachíniva,
7 Balleza,
8 Batopilas,
9 Bocoyna,
10 Buenaventura,
11 Camargo,
12 Carichí,
13 Casas Grandes,
14 Coronado,
15 Coyame del Sotol,
16 La Cruz,
17 Cuauhtémoc,
18 Cusihuiriachi,
19 Chihuahua,
20 Chínipas,
21 Delicias,
22 Doctor Belisario Domínguez,
23 Galeana,
24 Santa Isabel,
25 Gómez Farias,
26 Gran Morelos,
27 Guachochi,
28 Guadalupe,
29 Guadalupe y Calvo,
30 Guazapares,
31 Guerrero,
32 Hidalgo del Parral,
33 Huejotitán,
34 Ignacio Zaragoza,
35 Janos,
36 Jiménez,
37 Juárez,
38 Julimes,
39 López,
40 Madera,
41 Maguarichi,
42 Manuel Benavides,
43 Matachí,
44 Matamoros,
45 Meoqui,
46 Morelos,
47 Moris,
48 Namiquipa,
49 Nonoava,
50 Nuevo Casas Grandes,
51 Ocampo,
52 Ojinaga,
53 Praxedis G. Guerrero,
54 Riva Palacio,
55 Rosales,
56 Rosario,
57 San Francisco de Borja,
58 San Francisco de Conchos,
59 San Francisco del Oro,
60 Santa Bárbara,
61 Satevó,
62 Saucillo,
63 Temósachic,
64 El Tule,
65 Urique,
66 Uruachi,
67 Valle de Zaragoza,
,
,
,
Distrito Federal (Mexico City) (9),
,
2 Azcapotzalco,
3 Coyoacán,
4 Cuajimalpa de Morelos,
5 Gustavo A. Madero,
6 Iztacalco,
7 Iztapalapa,
8 La Magdalena Contreras,
9 Milpa Alta,
10 Álvaro Obregón,
11 Tlaáhuac,
12 Tlalpan,
13 Xochimilco,
14 Benito Juárez,
15 Cuauhtémoc,
16 Miguel Hidalgo,
17 Venustiano Carranza,
401 Ciudad de México,
,
,
,
Durango (10),
,
1 Canatlán,
2 Canelas,
3 Coneto de Comonfort,
4 Cuencamé,
5 Durango,
6 General Simón Bolivar,
7 Gómez Palacio,
8 Guadalupe Victoria,
9 Guanaceví,
10 Hidalgo,
11 Indé,
12 Lerdo,
13 Mapimi,
14 Mezquital,
15 Nazas,
16 Nombre de Dios,
17 Ocampo,
18 El Oro,
19 Otáez,
20 Panuco de Coronado,
21 Peñón Blanco,
22 Poanas,
23 Pueblo Nuevo,
24 Rodeo,
25 San Bernardo,
26 San Dimas,
27 San Juan de Guadalupe,
28 San Juan del Río,
29 San Luis de Cordero,
30 San Pedro del Gallo,
31 Santa Clara,
32 Santiago Papasquiaro,
33 Súchil,
34 Tamazula,
35 Tepehuanes,
36 Tlahualilo,
37 Topia,
38 Vicente Guerrero,
39 Nuevo Ideal,
,
,
,
Guanajuato (11),
,
1 Abasolo,
2 Acámbaro,
3 San Miguel de Allende,
4 Apaseo El Alto,
5 Apaseo El Grande,
6 Atarjea,
7 Celaya,
8 Manuel Doblado,
9 Comonfort,
10 Coroneo,
11 Cortazar,
12 Cuerámaro,
13 Doctor Mora,
14 Dolores Hidalgo,
15 Guanajuato,
16 Huanimaro,
17 Irapuato,
18 Jaral del Progreso,
19 Jerécuaro,
20 León,
21 Moroleón,
22 Ocampo,
23 Pénjamo,
24 Pueblo Nuevo,
25 Purísima del Rincón,
26 Romita,
27 Salamanca,
28 Salvatierra,
29 San Diego de la Unión,
30 San Felipe,
31 San Francisco del Rincón,
32 San José Iturbide,
33 San Luis de la Paz,
34 Santa Catarina,
35 Santa Cruz de Juventino Rosas,
36 Santiago Maravatío,
37 Silao,
38 Tarandacuao,
39 Tarimoro,
40 Tierra Blanca,
41 Uriangato,
42 Valle de Santiago,
43 Victoria,
44 Villagrán,
45 Xichú,
46 Yuriria,
Guerrero (12),
,
1 Acapulco de Juárez,
2 Ahuacuotzingo,
3 Ajuchitlán del Progreso,
4 Alcozauca de Guerrero,
5 Alpoyeca,
6 Apaxtla,
7 Arcelia,
8 Atenango del Río,
9 Atlamajalcingo del Monte,
10 Atlixtac,
11 Atoyac de Álvarez,
12 Ayutla de los Libres,
13 Azoyú,
14 Benito Juárez,
15 Buenavista de Cuéllar,
16 Coahuayutla de José María Izazaga,
17 Cocula,
18 Copala,
19 Copalillo,
20 Copanatoyac,
21 Coyuca de Benítez,
22 Coyuca de Catalán,
23 Cuajinicuilapa,
24 Cualác,
25 Cuautepec,
26 Cuetzala del Progreso,
27 Cutzamala de Pinzón,
28 Chilapa de Álvarez,
29 Chilpancingo de los Bravo,
30 Florencio Villareal,
31 General Canuto A. Nerl,
32 General Heliodoro Castillo,
33 Huamuxtitlán,
34 Huitzuco de los Figueroa,
35 Iguala de La Independencia,
36 Igualapa,
37 Ixcateopan de Cuauhtémoc,
38 Zihuatanejo de Azueta,
39 Juan R. Escudero,
40 Leonardo Bravo,
41 Malinaltepec,
42 Mártir de Cuilapan,
43 Metlatónoc,
44 Mochitlán,
45 Olinalá,
46 Ometepec,
47 Pedro Ascencio Alquisiras,
48 Petatlán,
49 Pilcaya,
50 Pungarabato,
51 Quechultenango,
52 San Luis Acatlán,
53 San Marcos,
54 San Miguel Totolapan,
55 Taxco de Alarcón,
56 Tecoanapa,
57 Tecpan de Galeana,
58 Teloloapan,
59 Tepecoacuilco de Trujano,
60 Tetipac,
61 Tixtla de Guerrero,
62 Tlacoachistlahuaca,
63 Tlacoapa,
64 Tlalchapa,
65 Tlalixtaquilla de Maldonado,
66 Tlapa de Comonfort,
67 Tlapehuala,
68 La Unión de Isidro Montes de Oca,
53 San Bartolo Tutotepec,
54 San Salvador,
55 Santiago de Anaya,
56 Santiago Tulantepec de Lugo Guerrero,
57 Singuilucan,
58 Tasquillo,
59 Tecozautla,
60 Tenango de Doria,
61 Tepeapulco,
62 Tepehuacán de Guerrero,
63 Tepeji del Río de Ocampo,
64 Tepetitlán,
65 Tetepango,
66 Villa de Tezontepec,
67 Tezontepec de Aldama,
68 Tianguistengo,
69 Tizayuca,
70 Tlahuelilpan,
71 Tlahuiltepa,
72 Tlanalapa,
73 Tlanchinol,
74 Tlaxcoapan,
75 Tolcayuca,
76 Tula de Allende,
77 Tulancingo de Bravo,
78 Xochiatipan,
79 Xochicoatlán,
80 Yahualica,
81 Zacualtipán de Ángeles,
82 Zapotlán de Juárez,
83 Zempoala,
84 Zimapán,
,
,
,
Jalisco (14),
,
1 Acatic,
2 Acatlán de Juárez,
3 Ahualuco de Mercado,
4 Amacueca,
5 Amatitán,
6 Ameca,
7 San Juanito de Escobedo,
8 Arandas,
9 El Arenal,
10 Atemajac de Brizuela,
11 Atengo,
12 Atenguillo,
13 Atotonilco El Alto,
14 Atoyac,
15 Autlán de Navarro,
16 Ayotlán,
17 Ayutla,
18 La Barca,
19 Bolaños,
20 Cabo Corrientes,
21 Casimiro Castillo,
22 Cihuatlán,
23 Zapotlán El Grande,
24 Cocula,
25 Colotlán,
26 Concepcion de Buenos Aires,
27 Cuautitlán García Barragán,
28 Cuautla,
29 Cuquio,
30 Chapala,
31 Chimaltitán,
32 Chiquilistlán,
33 Degollado,
69 Xalpatláhuac,
70 Xochihuehuetlán,
71 Xochistlahuaca,
72 Zapotlán Tablas,
73 Zirándaro,
74 Zitlala,
75 Eduardo Neri,
76 Acatepec,
77 Marquelia,
78 Cochoapa el Grande,
79 José Joaquin de Herrera,
80 Juchitán,
81 Iliatenco,
,
,
,
Hidalgo (13),
,
1 Acatlán,
2 Acaxochitlán,
3 Actopan,
4 Agua Blanca de Iturbide,
5 Ajacuba,
6 Alfajayucan,
7 Almoloya,
8 Apan,
9 El Arenal,
10 Atitalaquia,
11 Atlapexco,
12 Atotonilco el Grande,
13 Atotonilco de Tula,
14 Calnali,
15 Cardonal,
16 Cuautepec de Hinojosa,
17 Chapantongo,
18 Chapulhuacán,
19 Chilcuautla,
20 Eloxochitlán,
21 Emiliano Zapata,
22 Epazoyucan,
23 Francisco I. Madero,
24 Huasca de Ocampo,
25 Huautla,
26 Huazalingo,
27 Huehuetla,
28 Huejutla de Reyes,
29 Huichapan,
30 Ixmiquilpan,
31 Jacala de Ledezma,
32 Jaltocán,
33 Juárez Hidalgo,
34 Lolotla,
35 Metepec,
36 San Agustín Metzquititlán,
37 Metztitlán,
38 Mineral del Chico,
39 Mineral del Monte,
40 La Misión,
41 Mixquiahuala de Juárez,
42 Molango de Escamilla,
43 Nicolás Flores,
44 Nopala de Villagrán,
45 Omitlán de Juárez,
46 San Felipe Orizatlán,
47 Pacula,
48 Pachuca de Soto,
49 Pisaflores,
50 Progreso de Obregón,
51 Mineral de la Reforma,
52 San Agustín Tlaxiaca,
34,Ejutla
35,Encarnación de Díaz
36,Etzatlán
37,El Grullo
38,Guachinango
39,Guadalajara
40,Hostotipaquillo
41,Huejúcar
42,Huejuquilla El Alto
43,La Huerta
44,Ixtlahuacán de Los Membrillos
45,Ixtlahuacán del Río
46,Jalostotitlán
47,Jamay
48,Jesús Maria
49,Jilotlán de los Dolores
50,Jocotepec
51,Juanacatlán
52,Juchitlán
53,Lagos de Moreno
54,El Limón
55,Magdalena
56,Santa María del Oro
57,La Manzanilla de la Paz
58,Mascota
59,Mazamitla
60,Mexticacán
61,Mezquitic
62,Mixtlán
63,Ocotlán
64,Ojuelos de Jalisco
65,Pihuamo
66,Poncitlán
67,Puerto Vallarta
68,Villa Purificación
69,Quitupan
70,El Salto
71,San Cristóbal de la Barranca
72,San Diego de Alejandría
73,San Juan de los Lagos
74,San Julián
75,San Marcos
76,San Martín de Bolaños
77,San Martín Hidalgo
78,San Miguel El Alto
79,Gómez Farías
80,San Sebastián del Oeste
81,Santa Maria de Los Ángeles
82,Sayula
83,Tala
84,Talpa de Allende
85,Tamazula de Gordiano
86,Tapalpa
87,Tecalitlán
88,Tecolotlán
89,Techaluta de Montenegro
90,Tenamaxtlán
91,Teocaltiche
92,Teocuitatlán de Corona
93,Tepatitlán de Morelos
94,Tequila
95,Teuchitlán
96,Tizapán el Alto
97,Tlajomulco de Zúñiga
98,Tlaquepaque
99,Tolimán
100,Tomatlán
101,Tonalá
102,Tonaya
103,Tonila
104 Totatiche,
105 Tototlán,
106 Tuxcacuesco,
107 Tuxcueca,
108 Tuxpan,
109 Unión de San Antonio,
110 Unión de Tula,
111 Valle de Guadalupe,
112 Valle de Juárez,
113 San Gabriel,
114 Villa Corona,
115 Villa Guerrero,
116 Villa Hidalgo,
117 Cañadas de Obregón,
118 Yahualica de González Gallo,
119 Zacoalco de Torres,
120 Zapopan,
121 Zapotiltic,
122 Zapotitlan de Vadillo,
123 Zapotlán del Rey,
124 Zapotlanejo,
125 San Ignacio Cerro Gordo,
,
,
,
México (Estado) (15),
,
1 Acambay,
2 Acolman,
3 Aculco,
4 Almoloya de Alquisiras,
5 Almoloya de Juárez,
6 Almoloya del Río,
7 Amanalco,
8 Amatepec,
9 Amecameca,
10 Apaxco,
11 Atenco,
12 Atizapán,
13 Atizapán de Zaragoza,
14 Atlacomulco,
15 Atlautla,
16 Axapusco,
17 Ayapango,
18 Calimaya,
19 Capulhuac,
20 Coacalco de Berriozábal,
21 Coatepec Harinas,
22 Cocotitlán,
23 Coyotepec,
24 Cuautitlán,
25 Chalco,
26 Chapa de Mota,
27 Chapultepec,
28 Chiautla,
29 Chicoloapan,
30 Chiconcuac,
31 Chimalhuacán,
32 Donato Guerra,
33 Ecatepec de Morelos,
34 Ecatzingo,
35 Huehuetoca,
36 Hueypoxtla,
37 Huixquilucan,
38 Isidro Fabela,
39 Ixtapaluca,
40 Ixtapan de la Sal,
41 Ixtapan del Oro,
42 Ixtlahuaca,
43 Xalatlaco,
44,Jaltenco
45,Jilotepec
46,Jilotzingo
47,Jiquipilco
48,Jocotitlán
49,Joquicingo
50,Juchitepec
51,Lerma
52,Malinalco
53,Melchor Ocampo
54,Metepec
55,Mexicaltzingo
56,Morelos
57,Naucalpan de Juárez
58,Nezahualcóyotl
59,Nextlalpan
60,Nicolás Romero
61,Nopaltepec
62,Ocoyoacac
63,Ocuilan
64,El Oro
65,Otumba
66,Otzoloapan
67,Otzolotepec
68,Ozumba
69,Papalotla
70,La Paz
71,Polotitlán
72,Rayón
73,San Antonio la Isla
74,San Felipe del Progreso
75,San Martín de las Pirámides
76,San Mateo Atenco
77,San Simón de Guerrero
78,Santo Tomás
79,Soyaniquilpan de Juárez
80,Sultepec
81,Tecámac
82,Tejupilco
83,Temamatla
84,Temascalapa
85,Temascalcingo
86,Temascaltepec
87,Temoaya
88,Tenancingo
89,Tenango del Aire
90,Tenango del Valle
91,Teoloyucan
92,Teotihuacan
93,Tepetlaoxtoc
94,Tepetlixpa
95,Tepotzotlán
96,Tequixquiac
97,Texcaltitlán
98,Texcalyacac
99,Texcoco
100,Tezoyuca
101,Tianguistenco
102,Timilpan
103,Tlalmanalco
104,Tlalnepantla de Baz
105,Tlatlaya
106,Toluca
107,Tonatico
108,Tultepec
109,Tultitlán
110,Valle de Bravo
111,Villa de Allende
112,Villa del Carbón
113,Villa Guerrero
114 Villa Victoria,
115 Xonacatlán,
116 Zacazonapan,
117 Zacualpan,
118 Zinacantepec,
119 Zumpahuacán,
120 Zumpango,
121 Cuautitlán Izcalli,
122 Valle de Chalco Solidaridad,
123 Lluvianos,
124 San José del Rincón,
125 Tonanitla,
,
,
,
Michoacán (16),
,
1 Acuitzio,
2 Aguililla,
3 Álvaro Obregón,
4 Angamacutiro,
5 Angangueo,
6 Apatzingán,
7 Aporo,
8 Aquila,
9 Ario,
10 Arteaga,
11 Briseñas,
12 Buenavista,
13 Carácuaro,
14 Coahuyana,
15 Coalcomán de Vázquez Pallares,
16 Coeneo,
17 Contepec,
18 Copándaro,
19 Cotija,
20 Cuitzeo,
21 Charapan,
22 Charo,
23 Chavinda,
24 Cherán,
25 Chilchota,
26 Chinicuila,
27 Chucándiro,
28 Churintzio,
29 Churumuco,
30 Ecuanduero,
31 Epitacio Huerta,
32 Erongarícuaro,
33 Gabriel Zamora,
34 Hidalgo,
35 La Huacana,
36 Huandacareo,
37 Huaniqueo,
38 Huetamo,
39 Huiramba,
40 Indaparapeo,
41 Irimbo,
42 Ixtlán,
43 Jacona,
44 Jiménez,
45 Jiquilpan,
46 Juárez,
47 Jungapeo,
48 Lagunillas,
49 Madero,
50 Maravatío,
51 Marcos Castellanos,
52 Lázaro Cárdenas,
53 Morelia,
54 Morelos,
55 Múgica,
56 Nahuatzen,
57 Nocupétaro,
58 Nuevo Parangaricutiro,
59 Nuevo Urecho,
60 Numarán,
61 Ocampo,
62 Pajacuarán,
63 Panindícuaro,
64 Parácuaro,
65 Paracho,
66 Pátzcuaro,
67 Penjamillo,
68 Peribán,
69 La Piedad,
70 Purépero,
71 Puruándiro,
72 Queréndaro,
73 Quiroga,
74 Cojumatlán de Regules,
75 Los Reyes,
76 Sahuayo,
77 San Lucas,
78 Santa Ana Maya,
79 Salvador Escalante,
80 Senguio,
81 Susupuato,
82 Tacámbaro,
83 Tancítaro,
84 Tangamandapio,
85 Tangancícuaro,
86 Tanhuato,
87 Taretan,
88 Tarímbaro,
89 Tepalcatepec,
90 Tingambato,
91 Tingüindín,
92 Tiquicheo de Nicolás Romero,
93 Tlalpujahua,
94 Tlazazalca,
95 Tocumbo,
96 Tumbiscatío,
97 Turicato,
98 Tuxpan,
99 Tuzantla,
100 Tzintzuntzan,
101 Tzitzio,
102 Uruapan,
103 Venustiano Carranza,
104 Villamar,
105 Vista Hermosa,
106 Yurécuaro,
107 Zacapu,
108 Zamora,
109 Zináparo,
110 Zinapécuaro,
111 Zinacuaretiro,
112 Zitácuaro,
113 José Sixto Verduzco,
,
,
,
Morelos (17),
,
1 Amacuzac,
2 Atlatlahuacan,
3 Axochiapan,
4 Ayala,
5 Coatlán del Río,
6 Cuautla,
7 Cuernavaca,
8 Emiliano Zapata,
9 Huitzilac,
10 Jantetelco,
11 Jiutepec,
12 Jojutla,
13 Jonacatepec,
14 Mazatepec,
15 Miacatlán,
16 Ocuituco,
17 Puente de Ixtla,
18 Temixco,
19 Tepalcingo,
20 Tepoztlán,
21 Tetecala,
22 Tetela del Volcán,
23 Tlalnepantla,
24 Tlaltizapán,
25 Tlaquiltenango,
26 Tlacayapan,
27 Totolapan,
28 Xochitepec,
29 Yautepec,
30 Yecapixtla,
31 Zacatepec,
32 Zacualpan,
33 Temoac,
,
,
,
Nayarit (18),
,
1 Acaponeta,
2 Ahuacatlán,
3 Amatlán de Cañas,
4 Compostela,
5 Huajicori,
6 Ixtlán del Río,
7 Jala,
8 Xalisco,
9 Del Nayar,
10 Rosamorada,
11 Ruíz,
12 San Blas,
13 San Pedro Lagunillas,
14 Santa María del Oro,
15 Santiago Ixcuintla,
16 Tecuala,
17 Tepic,
18 Tuxpan,
19 La Yesca,
20 Bahía de Banderas,
,
,
,
Nuevo León (19),
,
1 Abasolo,
2 Agualeguas,
3 Los Aldamas,
4 Allende,
5 Anáhuac,
6 Apodaca,
7 Aramberri,
8 Bustamente,
9 Cadereyeta Jiménez,
10 Carmen,
11 Cerralvo,
12 Ciénega de Flores,
13 China,
14 Doctor Arroyo,
15 Doctor Coss,
16 Doctor González,
17 Galeana,
18 García,
19 San Pedro Garza García,
20 General Bravo,
21 General Escobedo,
22 General Terán,
23 General Treviño,
24 General Zaragoza,
25 General Zuazua,
26 Guadalupe,
27 Los Herreras,
28 Higueras,
29 Hualahuises,
30 Iturbide,
31 Juárez,
32 Lampazos de Naranjo,
33 Linares,
34 Marín,
35 Melchor Ocampo,
36 Mier y Noriega,
37 Mina,
38 Montemorelos,
39 Monterrey,
40 Parás,
41 Pesquería,
42 Los Ramones,
43 Rayones,
44 Sabinas Hidalgo,
45 Salinas Victoria,
46 San Nicolás de Los Garza,
47 Hidalgo,
48 Santa Catarina,
49 Santiago,
50 Vallecillo,
51 Villaldama,
,
,
,
Oaxaca (20),
,
1 Abejones,
2 Acatlán de Perez Figueroa,
3 Asunción Cacaletepec,
4 Asunción Cuyotepeji,
5 Asunción Ixtaltepec,
6 Asunción Nochixtlán,
7 Asunción Ocotlán,
8 Asunción Tlacolulita,
9 Ayotzintepec,
10 El Barrio de la Soledad,
11 Calihualá,
12 Candelaria Loxicha,
13 Ciénega de Zimatlán,
14 Ciudad Ixtepec,
15 Coatecas Atlas,
16 Coicoyán de las Flores,
17 La Compañía,
18 Concepción Buenavista,
19 Concepción Papalo,
20 Constancia del Rosario,
21 Cosolapa,
22 Cosoltepec,
23 Cuilápam de Guerrero,
24 Cuyamecalco Villa de Zaragoza,
25 Chahuites,
26 Chalcatongo de Hidalgo,
27,Chiquihuitlán de Benito Juárez
28,Heroica Ciudad de Ejutla de Crespo
29,Eloxochitlán de Flores de Magón
30,El Espinal
31,Tamazulapam del Espíritu Santo
32,Fresnillo de Trujano
33,Guadalupe Etla
34,Guadalupe de Ramírez
35,Guelatao de Juárez
36,Guevea de Homboldt
37,Mesones Hidalgo
38,Villa Hidalgo
39,Heroica Ciudad de Huajuapan de León
40,Huautepec
41,Huautla de Jiménez
42,Ixtlán de Juárez
43,Heroica Ciudad de Juchitlán de Zaragoza
44,Loma bonita
45,Magdalena Apasco
46,Magdalena Jaltepec
47,Santa Magdalena Jicotlán
48,Magdalena Mixtepec
49,Magdalena Ocotlán
50,Magdalena Peñasco
51,Magdalena Teitipac
52,Magdalena Tequisistlán
53,Magdalena Tlacotepec
54,Magdalena Zahuatlán
55,Mariscala de Juárez
56,Mártires de Tacubaya
57,Matías Romero Avedaño
58,Mazatlán Villa de Flores
59,Miahuatlán de Porfirio Díaz
60,Mixistlán de la Reforma
61,Monjas
62,Natividad
63,Nazareno Etla
64,Nejapa de Madero
65,Ixpantepec Nieves
66,Santiago Niltepec
67,Oaxaca de Juárez
68,Ocotlán de Morelos
69,La Pe
70,Pinotepa de Don Luis
71,Pluma Hidalgo
72,San José del Progreso
73,Putla Villa de Guerrero
74,Santa Catarina Quioquitani
75,Reforma de Pineda
76,La Reforma
77,Reyes Etla
78,Rojas de Cuauhtémoc
79,Salina Cruz
80,San Agustín Amatengo
81,San Agustín Atenango
82,San Agustín Chayuco
83,San Agustín de las Juntas
84,San Agustín Etla
85,San Agustín Loxicha
86,San Agustín Tlacotepec
87,San Agustín Yatareni
88,San Andrés Cabecera Nueva
89,San Andrés Dinicuiti
90,San Andrés Huaxpaltepec
91,San Andrés Huayápam
92,San Andrés Ixtlahuaca
93,San Andrés Lagunas
94,San Andrés Nuxiño
95,San Andrés Paxtlán
96,San Andrés Sinaxtla
97,San Andrés Solaga
98,San Andrés Teotilálpam
99,San Andrés Tepetlapa
100,San Andrés Yaá
101,San Andrés Zabache
102,San Andrés Zautla
103,San Antonio Castillo Velasco
104,San Antonio el Alto
105,San Antonio Monte Verde
106,San Antonio Acutla
107,San Antonio de la Cal
108,San Antonio Huitepec
109,San Antonio Nanahuatípam
110,San Antonio Sinicahua
111,San Antonio Tepetlapa
112,San Baltazar Chichicápam
113,San Baltazar Loxicha
114,San Baltazar Yatzachi el Bajo
115,San Bartolo Coyotepec
116,San Bartolomé Ayautla
117,San Bartolomé Loxicha
118,San Bartolomé Quialana
119,San Bartolomé Yucuañe
120,San Bartolomé Zoogocho
121,San Bartolo Soyaltepec
122,San Bartolo Yautepec
123,San Bernardo Mixtepec
124,San Blas Atempa
125,San Carlos Yautepec
126,San Cristóbal Amatlán
127,San Cristóbal Amoltepec
128,San Cristóbal Lachirioag
129,San Cristóbal Suchixtlahuaca
130,San Dionisio del Mar
131,San Dionisio Ocotepec
132,San Dionisio Ocotlán
133,San Esteban Atatlahuca
134,San Felipe Jalapa de Díaz
135,San Felipe Tejalápam
136,San Felipe Usila
137,San Francisco Cahuacuá
138,San Francisco Cajonos
139,San Francisco Chapulapa
140,San Francisco Chindúa
141,San Francisco del Mar
142,San Francisco Huehuetlán
143,San Francisco Ixhuatán
144,San Francisco Jaltepetongo
145,San Francisco Lachigoló
146,San Francisco Logueche
147,San Francisco Nuxaño
148,San Francisco Ozolotepec
149,San Francisco Sola
150,San Francisco Telixtlahuaca
151,San Francisco Teopan
152,San Francisco Tlapancingo
153,San Gabriel Mixtepec
154,San Idelfonso Amatlán
155,San Idelfonso Sola
156,San Idelfonso Villa Alta
157,San Jacinto Amilpas
158,San Jacinto Tlacotepec
159,San Jerónimo Coatlán
160,San Jerónimo Silacayoapila
161,San Jerónimo Sosola
162,San Jerónimo Taviche
163,San Jerónimo Tecóatl
164,San Jorge Nuchita
165,San José Ayuquila
166,San José Chiltepec
167,San José del Peñasco
168,San José Estancia Grande
169,San José Independencia
170,San José Lachiguiri
171,San José Tenango
172,San Juan Achiutla
173,San Juan Atepec
174,Animas Trujano
175,San Juan Bautista Atatlahuca
176,San Juan Bautista Coixtlahuaca
177,San Juan Bautista Cuicatlán
178,San Juan Bautista Guelache
179,San Juan Bautista Jayacatlán
180,San Juan Bautista Lo de Soto
181,San Juan Bautista Tlachichilco
182,San Juan Bautista Tlacoatzintepec
183,San Juan Bautista Tlachichilco
184,San Juan Bautista Tuxtepec
185,San Juan Cacahuatepec
186,San Juan Cieneguilla
187,San Juan Coatzóspam
188,San Juan Colorado
189,San Juan Comaltepec
190,San Juan Cotzocón
191,San Juan Chicomezúchil
192,San Juan Chilateca
193,San Juan del Estado
194,San Juan del Rió
195,San Juan Diuxi
196,San Juan Evangelista Analco
197,San Juan Guelavía
198,San Juan Guichicovi
199,San Juan Ihualtepec
200,San Juan Juquila Mixes
201,San Juan Juquila Vijanos
202,San Juan Lachao
203,San Juan Lachigalla
204,San Juan Lajarcia
205,San Juan Lalana
206,San Juan de los Cués
207,San Juan Mazatlán
208,San Juan Mixtepec (Distrito 8)
209,San Juan Mixtepec (Distrito 26)
210,San Juan Ñumí
211,San Juan Ozolotepec
212,San Juan Petlapa
213,San Juan Quiahije
214,San Juan Quiotepec
215,San Juan Sayultepec
216,San Juan Tabaá
217,San Juan Tamazola
218,San Juan Teita
219,San Juan Teitipac
220,San Juan Tepeuxila
221,San Juan Teposcolula
222,San Juan Yaeé
223,San Juan Yatzona
224,San Juan Yucuita
225,San Lorenzo
226,San Lorenzo Albarradas
227,San Lorenzo Cacaotepec
228,San Lorenzo Cuaunecuiltitla
229,San Lorenzo Texmelúcan
230,San Lorenzo Victoria
231,San Lucas Camotlán
232,San Lucas Ojitlán
233,San Lucas Quiaviní
234,San Lucas Zoquiápam
235,San Luis Amatlán
236,San Marcial Ozolotepec
237,San Marcos Arteaga
238,San Martín de los Cansecos
239,San Martín Juamelúlpam
240,San Martín Itunyoso
241,San Martín Lachilá
242,San Martín Peras
243,San Martín Tilcajete
244,San Martín Toxpalan
245,San Martín Zacatepec
246,San Mateo Cajonos
247,Capulálpam de Méndez
248,San Mateo del Mar
249,San Mateo Yoloxochitlán
250,San Mateo Etlatongo
251,San Mateo Nejápam
252,San Mateo Peñasco
253,San Mateo Piñas
254,San Mateo Río Hondo
255,San Mateo Sindihui
256,San Mateo Tlapiltepec
257,San Melchor Betaza
258,San Miguel Achiutla
259,San Miguel Ahuehuetitlán
260,San Miguel Aloápam
261,San Miguel Amatitlán
262,San Miguel Amatlán
263,San Miguel Coatlán
264,San Miguel Chicahua
265,San Miguel Chimalapa
266,San Miguel del Puerto
267,San Miguel del Río
268,San Miguel Ejutla
269,San Miguel el Grande
270,San Miguel Huautla
271,San Miguel Mixtepec
272,San Miguel Panixtlahuaca
273,San Miguel Peras
274,San Miguel Piedras
275,San Miguel Quetzaltepec
276,San Miguel Santa Flor
277,Villa Sola de Vega
278,San Miguel Soyaltepec
279,San Miguel Suchixtepec
280,Villa Talea de Castro
281,San Miguel Tecomatlán
282,San Miguel Tenango
283,San Miguel Tequixtepec
284,San Miguel Tilquiápam
285,San Miguel Tlacamama
286,San Miguel Tlacotepec
287,San Miguel Tulancingo
288,San Miguel Yotao
289,San Nicolás
290,San Nicolás Hidalgo
291,San Pablo Coatlán
292,San Pablo Cuatro Venados
293,San Pablo Etla
294,San Pablo Huitzo
295,San Pablo Huixtepec
296,San Pablo Macuiltianguis
297,San Pablo Tijaltepec
298,San Pablo Villa de Mitla
299,San Pablo Yaganiza
300,San Pedro Amuzgos
301,San Pedro Apostol
302,San Pedro Atoyac
303,San Pedro Cajonos
304,San Pedro Coxcaltepec Cántaros
305,San Pedro Comitancillo
306,San Pedro el Alto
307,San Pedro Huamelula
308,San Pedro Huilotepec
309,San Pedro Ixcatlán
310,San Pedro Ixtlahuaca
311,San Pedro Jaltepetongo
312,San Pedro Jicayán
313,San Pedro Jocotipac
314,San Pedro Juchatengo
315,San Pedro Mártir
316,San Pedro Mártir Quiechapa
317,San Pedro Mártir Yucuxaco
318,San Pedro Mixtepec (Distrito 22)
319,San Pedro Mixtepec (Distrito 26)
320,San Pedro Molinos
321,San Pedro Nopala
322,San Pedro Ocopetatillo
323,San Pedro Ocotepec
324,San Pedro Pochutla
325,San Pedro Quiatoni
326,San Pedro Sochiápam
327,San Pedro Tapanatepec
328,San Pedro Taviche
329,San Pedro Teozacoalco
330,San Pedro Teutila
331,San Pedro Tidaá
332,San Pedro Topiltepec
333,San Pedro Totolapám
334,Villa de Tututepec de Melchor Ocampo
335,San Pedro Yaneri
336,San Pedro Yólox
337,San Pedro y San Pablo Ayutla
338,Villa de Etla
339,San Pedro y San Pablo Teposcolula
340,San Pedro y San Pablo Tequixtepec
341,San Pedro Yucunama
342,San Raymundo Jalpan
343,San Sebastián Abasolo
344,San Sebastián Coatlán
345,San Sebastián Ixcapa
346,San Sebastián Nicananduta
347,San Sebastián Río Hondo
348,San Sebastián Tecomaxtlahuaca
349,San Sebastián Teitipac
350,San Sebastián Tutla
351,San Simón Almolongas
352,San Simón Zahuatlán
353,Santa Ana
354,Santa Ana Ateiztlahuaca
355,Santa Ana Cuauhtémoc
356,Santa Ana del Valle
357,Santa Ana Tavela
358,Santa Ana Tlapacoyan
359,Santa Ana Yareni
360,Santa Ana Zegache
361,Santa Catalina Quierí
362,Santa Catarina Cuixtla
363,Santa Catarina Ixtepeji
364,Santa Catarina Juquila
365,Santa Catarina Lachatao
366,Santa Catarina Loxicha
367,Santa Catarina Mechoacán
368,Santa Catarina Minas
369,Santa Catarina Quiané
370,Santa Catrina Tayata
371,Santa Catarina Ticuá
372,Santa Catarina Yosonotú
373,Santa Catarina Zapoquila
374,Santa Cruz Acatepec
375,Santa Cruz Amilpas
376,Santa Cruz de Bravo
377,Santa Cruz Itundujia
378,Santa Cruz Mixtepec
379,Santa Cruz Nundaco
380,Santa Cruz Papalutla
381,Santa Cruz Tacache de Mina
382,Santa Cruz Tacahua
383,Santa Cruz Tayata
384,Santa Cruz Xitla
385,Santa Cruz Xoxocotlán
386,Santa Cruz Zenzontepec
387,Santa Gertrudis
388,Santa Inés del Monte
389,Santa Ines Yatzeche
390,Santa Lucia del Camino
391,Santa Lucia Miahuatlán
392,Santa Lucia Monteverde
393,Santa Lucia Ocotlán
394,Santa Maria Alotepec
395,Santa Maria Apazco
396,Santa Maria la Asuncion
397,Heroica Ciudad de Tlaxiaco
398,Ayuquezco de Aldama
399,Santa Maria Atzompa
400,Santa Maria Camotlán
401,Santa Maria Colotepec
402,Santa Maria Cortijo
403,Santa Maria Coyotepec
404,Santa Maria Chachoápam
405,Santa Maria Chilapa de Diaz
406,Santa Maria Chilchotla
407,Santa Maria Chimalapa
408,Santa Maria del Rosario
409,Santa Maria del Tule
410,Santa Maria Ecatepec
411,Santa Maria Guelace
412,Santa Maria Guienagati
413,Santa Maria Huatulco
414,Santa Maria Huazolotitlán
415,Santa Maria Ipalapa
416,Santa Maria Ixcatlán
417,Santa Maria Jacatepec
418,Santa Maria Jalapa del Marqués
419,Santa Maria Jaltianguis
420,Santa Maria Lachixío
421,Santa Maria Mixtequilla
422,Santa Maria Nativitas
423,Santa Maria Nduayaco
424,Santa Maria Ozolotepec
425,Santa Maria Pápalo
426,Santa Maria Peñoles
427,Santa Maria Petapa
428,Santa Maria Quiegolani
429,Santa Maria Sola
430,Santa Maria Tataltepec
431,Santa Maria Tecomavaca
432,Santa Maria Temaxcalapa
433,Santa Maria Temaxcaltepec
434,Santa Maria Teopoxco
435,Santa Maria Tepantlali
436,Santa Maria Texcatitlán
437,Santa Maria Tlahuitoltepec
438,Santa Maria Tlalixtac
439,Santa Maria Tonameca
440,Santa Maria Totolapilla
441,Santa Maria Xanadi
442,Santa Maria Yalina
443,Santa Maria Yavesía
444,Santa Maria Yolotepec
445,Santa Maria Yosoyúa
446,Santa Maria Yucuhiti
447,Santa Maria Zacatepec
448,Santa Maria Zaniza
449,Santa Maria Zoquitlán
450,Santiago Amoltepec
451,Santiago Apoala
452,Santiago Apóstol
453,Santiago Astata
454,Santiago Atitlán
455,Santiago Ayuquilla
456,Santiago Cacaloxtepec
457,Santiago Camotlán
458,Santiago Comaltepec
459,Santiago Chazumba
460,Santiago Choápam
461,Santiago del Río
462,Santiago Huajolotitlán
463,Santiago Huauclilla
464,Santiago Ihutlán Plumas
465,Santiago Ixcuintepec
466,Santiago Ixtayutla
467,Santiago Jamiltepec
468,Santiago Jocotepec
469,Santiago Juxtlahuaca
470,Santiago Lachiguiri
471,Santiago Lalopa
472,Santiago Laollaga
473,Santiago Laxopa
474,Santiago Llano Grande
475,Santiago Matatlán
476,Santiago Miltepec
477,Santiago Minas
478,Santiago Nacaltepec
479,Santiago Nejapilla
480,Santiago Nundiche
481,Santiago Nuyoó
482,Santiago Pinotepa Nacional
483,Santiago Suchilquitongo
484,Santiago Tamazola
485,Santiago Tapextla
486,Villa Tejupam de la Union
487,Santiago Tenango
488,Santiago Tepetlapa
489,Santiago Tetepec
490,Santiago Texcalcingo
491,Santiago Textitlán
492,Santiago Tilantongo
493,Santiago Tillo
494,Santiago Tlazoyaltepec
495,Santiago Xanica
496,Santiago Xiacuí
497,Santiago Yaitepec
498,Santiago Yaveo
499,Santiago Yolomécatl
500,Santiago Yosondúa
501,Santiago Yucuyachi
502,Santiago Zacatepec
503,Santiago Zoochila
504,Nuevo Zoquiápam
505,Santo Domingo Ingenio
506,Santo Domingo Albarradas
507,Santo Domingo Armenta
508,Santo Domingo Chihuitán
509,Santo Domingo de Morelos
510,Santo Domingo Ixcatlán
511,Santo Domingo Nuxaá
512,Santo Domingo Ozolotepec
513,Santo Domingo Petapa
514,Santo Domingo Roayaga
515,Santo Domingo Tehuantepec
516,Santo Domingo Teojomulco
517 Santo Domingo Tepuxtepec,
518 Santo Domingo Tlatayápam,
519 Santo Domingo Tomaltepec,
520 Santo Domingo Tonalá,
521 Santo Domingo Tonaltepec,
522 Santo Domingo Xagacía,
523 Santo Domingo Yanhutlán,
524 Santo Domingo Yodohino,
525 Santo Domingo Zanatepec,
526 Santos Reyes Nopala,
527 Santos Reyes Pápalo,
528 Santos Reyes Tepejillo,
529 Santos Reyes Yucuná,
530 Santo Tomas Jalieza,
531 Santo Tomas Mazaltepec,
532 Santo Tomas Ocotepec,
533 Santo Tomas Tamazulapam,
534 San Vicente Coatlán,
535 San Vicente Lachixío,
536 San Vicente Nuñú,
537 Silacayoápam,
538 Sitio de Xitlapehua,
539 Soledad Etla,
540 Villa de Tamazulapam del Progreso,
541 Tanetze de Zaragoza,
542 Taniche,
543 Tataltepec de Valdés,
544 Teococuilco de Marcos Pérez,
545 Teotitlán de Flores Magón,
546 Teotitlán del Valle,
547 Teotongo,
548 Tepelmeme Villa de Morelos,
549 Tezoatlán de Segura y Luna,
550 San Jeronimo Tlacochahuaya,
551 Tlacolula de Matamoros,
552 Tlacotepec Plumas,
553 Tataltepec de Valdés,
554 Totontepec Villa de Morelos,
555 Trinidad Zaachila,
556 La Trinidad Vista Hermosa,
557 Unión Hidalgo,
558 Valerio Trujano,
559 San Juan Bautista Valle Nacional,
560 Villa Díaz Ordaz,
561 Yaxe,
562 Magdalena Yodocono de Porfirio Díaz,
563 Yogana,
564 Yutanduchi de Guerrero,
565 Villa de Zaachila,
566 San Mateo Yucutindó,
567 Zapotitlán Lagunas,
568 Zapotitlán Palmas,
569 Santa Inés de Zaragoza,
570 Zimatlán de Álvarez,
,
,
,
Puebla (21),
,
1 Acajete,
2 Acateno,
3 Acatlán,
4 Acatzingo,
5 Acteopan,
6 Ahuacatlán,
7 Ahuatlán,
8 Ahuazotepec,
9 Ahuhuetitla,
10 Ajalpan,
11 Albino Zertuche,
12,Aljojuca
13,Altepexi
14,Amixtlán
15,Amozoc
16,Aquixtla
17,Atempan
18,Atexcal
19,Atlixco
20,Atoyatempan
21,Atzala
22,Atzitzhuacán
23,Atzitzintla
24,Axutla
25,Ayotoxco de Guerrero
26,Calpan
27,Caltepec
28,Camocuautla
29,Caxhuacan
30,Coatepec
31,Coatzingo
32,Cohetzala
33,Cohuecan
34,Coronango
35,Coxcatlán
36,Coyomeapan
37,Coyotepec
38,Cuapiaxtla de Madero
39,Cuautempan
40,Cuautinchan
41,Cuautlancingo
42,Cuayuca de Andrade
43,Cuetzalan del Progreso
44,Cuyoaco
45,Chalchicomula de Sesma
46,Chapulco
47,Chiautla
48,Chiautzingo
49,Chiconcuautla
50,Chichiquila
51,Chietla
52,Chigmecatitlán
53,Chignahuapan
54,Chignautla
55,Chila
56,Chila de la Sal
57,Honey
58,Chilchotla
59,Chinantla
60,Domingo Arenas
61,Eloxochitlán
62,Epatlán
63,Esperanza
64,Francisco Z. Mena
65,General Felipe Ángeles
66,Guadalupe
67,Guadalupe Victoria
68,Hermenegildo Galeana
69,Huaquechula
70,Huatlatauca
71,Huauchinango
72,Huehuetla
73,Huehuetlán el Chico
74,Huejotzingo
75,Hueyapan
76,Hueytamalco
77,Hueytlalpan
78,Huitzilan de Serdán
79,Huitziltepec
80,Atlequizayan
81,Ixcamilpa de Guerrero
82,Ixcaquixtla
83,Ixtacamaxtitlán
84,Ixtepec
85,Izúcar de Matamoros
86,Jalpan
87,Jolalpan
88,Jonotla
89,Jopala
90,Juan C. Bonilla
91,Juan Galindo
92,Juan N. Méndez
93,Lafragua
94,Libres
95,La Magdalena Tlatlauquitepec
96,Mazapiltepec de Juárez
97,Mixtla
98,Molcaxac
99,Cañada Morelos
100,Naupan
101,Nauzontla
102,Nealtican
103,Nicolás Bravo
104,Nopalucan
105,Ocotepec
106,Ocoyucan
107,Olintla
108,Oriental
109,Pahuatlán
110,Palmar de Bravo
111,Pantepec
112,Petalcingo
113,Piaxtla
114,Puebla
115,Quecholac
116,Quimixtlán
117,Rafael Lara Grajales
118,Los Reyes de Juárez
119,San Andres Cholula
120,San Antonio Cañada
121,San Diego la Mesa Tochimiltzingo
122,San Felipe Teotlalcingo
123,San Felipe Tepatlán
124,San Gabriel Chilac
125,San Gregorio Atzompa
126,San Jerónimo Tecuanipan
127,San Jerónimo Xayacatlan
128,San José Chiapa
129,San José Miahuatlán
130,San Juan Atenco
131,San Juan Atzompa
132,San Martín Texmelucan
133,San Martín Totoltepec
134,San Matias Tlalancaleca
135,San Miguel Ixitlán
136,San Miguel Xoxtla
137,San Nicolás Buenos Aires
138,San Nicolás de los Ranchos
139,San Pablo Anicano
140,San Pedro Cholula
141,San Pedro Yeloixtlahuaca
142,San Salvador el Seco
143,San Salvador el Verde
144,San Salvador Huixcolotla
145,San Sebastián Tlacotepec
146,Santa Catarina Tlaltempan
147,Santa Inés Ahuatempan
148,Santa Isabel Cholula
149,Santiago Miahuatlán
150,Huehuetlán el Grande
151,Santo Tomas Hueyotlipan
152,Soltepec
153,Tecali de Herrera
154,Tecamachalco
155,Tecomatlán
156,Tehuacán
157,Tehuitzingo
158,Tenampulco
159,Teopantlán
160,Teotlalco
161,Tepango de López
162,Tepango de Rodríguez
163,Tepatlaxco de Hidalgo
164,Tepeaca
165,Tepemaxalco
166,Tepeojuma
167,Tepetzintla
168,Tepexco
169,Tepexi de Rodríguez
170,Tepeyahualco
171,Tepeyahualco de Cuauhtémoc
172,Tetela de Ocampo
173,Teteles de Avila Castillo
174,Teziutlán
175,Tianguismanalco
176,Tilapa
177,Tlaotepec de Benito Juárez
178,Tlacuilotepec
179,Tlachichuca
180,Tlahuapan
181,Tlaltenango
182,Tlanepantla
183,Tlaola
184,Tlapacoya
185,Tlapanalá
186,Tlatlauquitepec
187,Tlaxco
188,Tochimilco
189,Tochtepec
190,Totoltepec de Guerrero
191,Tulcingo
192,Tuzamapan de Galeana
193,Tzicatlacoyan
194,Venustiano Carranza
195,Vicente Guerrero
196,Xayacatlán de Bravo
197,Xicotepec
198,Xicotlán
199,Xiutetelco
200,Xochiapulco
201,Xochiltepec
202,Xochitlán de Vicente Suárez
203,Xochitlán Todos Santos
204,Yaonáhuac
205,Yehualtepec
206,Zacapala
207,Zacapoaxtla
208,Zacatlán
209,Zapotitlán
210,Zapotitlán de Méndez
211,Zaragoza
212,Zautla
213,Zihuateutla
214,Zinacatepec
215,Zongozotla
216,Zoquiapan
217,Zoquitlán
Querétaro (22),
,
1 Amealco de Bonfil,
2 Pinal de Amoles,
3 Arroyo Seco,
4 Cadereyta de Montes,
5 Colón,
6 Corregidora,
7 Ezequiel Montes,
8 Huimilpan,
9 Jalpan de Serra,
10 Landa de Matamoros,
11 El Marqués,
12 Pedro Escobedo,
13 Peñamiller,
14 Querétaro,
15 San Joaquín,
16 San Juan del Río,
17 Tequisquiapan,
18 Tolimán,
,
,
,
Quintana Roo (23),
,
1 Cozumel,
2 Felipe Carrillo Puerto,
3 Isla Mujeres,
4 Othon P. Blanco,
5 Benito Juárez,
6 Jose Maria Morelos,
7 Lázaro Cárdenas,
8 Solidaridad,
9 Tulum,
,
,
,
San Luis Potosí (24),
,
1 Ahualulco,
2 Alaquines,
3 Aquismón,
4 Armadillo de los Infante,
5 Cárdenas,
6 Catorce,
7 Cedral,
8 Cerritos,
9 Cerro de San Pedro,
10 Ciudad del Maíz,
11 Cuidad Fernández,
12 Tancanhuitz,
13 Cuidad Valles,
14 Coxcatlán,
15 Charcas,
16 Ebano,
17 Guadalcazar,
18 Huehuetlán,
19 Lagunilllas,
20 Matehuala,
21 Mexquitic de Carmona,
22 Moctezuma,
23 Rayón,
24 Rioverde,
25 Salinas,
26 San Antonio,
27 San Ciro de Acosta,
28 San Luis Potosí,
29 San Martín Chalchicuautla,
30 San Nicolás Tolentino,
34 San Vicente Tanguayalab,
31 Santa Catarina,
32 Santa Maria del Río,
33 Santo Domingo,
35 Soledad de Graciano Sanchez,
36 Tamasopo,
37 Tamazunchale,
38 Tampacán,
39 Tampamolón Corona,
40 Tamuín,
41 Tanlajás,
42 Tanquián de Escobedo,
43 Tierra Nueva,
44 Vanegas,
45 Venado,
46 Villa de Arriaga,
47 Villa de Guadalupe,
48 Villa de la Paz,
49 Villa de Ramos,
50 Villa de Reyes,
51 Villa Hidalgo,
52 Villa Juárez,
53 Axtla de Terrazas,
54 Xilitla,
55 Zaragoza,
56 Villa de Arista,
57 Matlapa,
58 El Naranjo,
,
,
,
Sinaloa (25),
,
1 Ahome,
2 Angostura,
3 Badiraguato,
4 Concordia,
5 Cosalá,
6 Culiacan,
7 Choix,
8 Elota,
9 Escuinapa,
10 El Fuerte,
11 Guasave,
12 Mazatlán,
13 Mocorito,
14 Rosario,
15 Salvador Alvarado,
16 San Ignacio,
17 Sinaloa,
18 Navolato,
,
,
,
Sonora (26),
,
1 Aconchi,
2 Agua Prieta,
3 Alamos,
4 Altar,
5 Arivechi,
6 Arizpe,
7 Atil,
8 Bacadéhuachi,
9 Bacanora,
10 Bacerac,
11 Bacoachi,
12 Bácum,
13 Banamichi,
14 Baviácora,
15 Bavispe,
16 Benjamin Hill,
17 Caborca,
18 Cajeme,
19 Cananea,
20 Carbó,
21 La Colorada,
22 Cucurpe,
23 Cumpas,
24 Divisaderos,
25 Empalme,
26 Etchojoa,
27 Fronteras,
28 Granados,
29 Guaymas,
30 Hermosillo,
31 Huachinera,
32 Huásabas,
33 Huatabampo,
34 Huépac,
35 Imuris,
36 Magdalena,
37 Mazatán,
38 Moctezuma,
39 Naco,
40 Nácori Chico,
41 Nacozari de García,
42 Navojoa,
43 Nogales,
44 Onavas,
45 Opodepe,
46 Oquitoa,
47 Pitiquito,
48 Puerto Peñasco,
49 Quiriego,
50 Rayón,
51 Rosario,
52 Sahuaripa,
53 San Felipe de Jesus,
54 San Javier,
55 San Luis Río Colorado,
56 San Miguel de Horcasitas,
57 San Pedro de la Cueva,
58 Santa Ana,
59 Santa Cruz,
60 Sáric,
61 Soyopa,
62 Suaqui Grande,
63 Tepache,
64 Trincheras,
65 Tubutama,
66 Ures,
67 Villa Hidalgo,
68 Villa Pesquería,
69 Yécora,
70 General Plutarco Elías Calles,
71 Benito Juárez,
72 San Ignacio Río Muerto,
,
,
,
Tabasco (27),
,
1 Balancan,
2 Cárdenas,
3 Centla,
4 Centro,
5 Comalcalco,
6 Cunduacan,
7 Emiliano Zapata,
8 Huimanguillo,
9 Jalapa,
10 Jalpa de Méndez,
11 Jonuta,
12 Macuspana,
13 Nacajuca,
14 Paraíso,
15 Tacotalpa,
16 Teapa,
17 Tenosique,
,
,
,
Tamaulipas (28),
,
1 Abasalo,
2 Aldama,
3 Altamira,
4 Antiguo Morelos,
5 Burgos,
6 Bustamente,
7 Camargo,
8 Casas,
9 Cuidad Madero,
10 Cruillas,
11 Gómez Farías,
12 González,
13 Güémez,
14 Guerrero,
15 Gustavo Diaz Ordaz,
16 Hidalgo,
17 Juamave,
18 Jiménez,
19 Llera,
20 Mainero,
21 El Mante,
22 Matamoros,
23 Méndez,
24 Mier,
25 Miguel Alemán,
26 Miquihuana,
27 Nuevo Laredo,
28 Nuevo Morelos,
29 Ocampo,
30 Padilla,
31 Palmillas,
32 Reynosa,
33 Río Bravo,
34 San Carlos,
35 San Fernando,
36 San Nicolás,
37 Soto la Marina,
38 Tampico,
39 Tula,
40 Valle Hermoso,
41 Victoria,
42 Villagrán,
43 Xicoténcatl,
,
,
,
Tlaxcala (29),
,
1 Amaxac de Guerrero,
2 Apatitlán de Antonio Carvajal,
3 Atlangatepec,
4 Atltazayanca,
5 Apizago,
6 Calpulalpan,
7 El Carmen Tequexquila,
8 Cuapiaxtla,
14,Amatlán de Los Reyes
15,Ángel R. Cabada
16,La Antigua
17,Apazapan
18,Aquila
19,Astacinga
20,Atlahuilco
21,Atoyac
22,Atzacan
23,Atzalan
24,Tlaltetela
25,Ayahualulco
26,Banderilla
27,Benito Juárez
28,Boca del Río
29,Calcahualco
30,Camerino Z. Mendoza
31,Carillo Puerto
32,Catemaco
33,Cazones de Herrera
34,Cerro Azul
35,Citlaltépetl
36,Coacoatzintla
37,Coahuitlán
38,Coatepec
39,Coatzacoalcos
40,Coazintla
41,Coetzala
42,Colipa
43,Comapa
44,Córdoba
45,Cosamaloapan de Carpio
46,Cosautlán de Carvajal
47,Coscomatepec
48,Cosoleacaque
49,Cotaxtla
50,Coxquihui
51,Coyutla
52,Cuichapa
53,Cuitláhuac
54,Chacaltianguis
55,Chalma
56,Chiconamel
57,Chiconquiaco
58,Chicontepec
59,Chinameca
60,Chinampa de Gorostiza
61,Las Choapas
62,Chocamán
63,Chontla
64,Chumatlán
65,Emiliano Zapata
66,Espinal
67,Filomeno Mata
68,Fortín
69,Gutiérrez Zamora
70,Hidalgotitlán
71,Huatusco
72,Huayacocotla
73,Hueyapan de Ocampo
74,Huiloapan de Cuauhtémoc
75,Ignacio de la Llave
76,Ilamatlán
77,Isla
78,Ixcatepec
79,Ixhuacán de los Reyes
80,Ixhuatlán del Café
81,Ixhuatlancillo
82,Ixhuatlán del Sureste
83,Ixhuatlán de Madero
9 Cuaxomulco,
10 Chiautempan,
11 Muñoz de Domingo Arenas,
12 Españita,
13 Huamantla,
14 Hueyotlipan,
15 Ixtacuixtla de Mariano Matamoros,
16 Ixtenco,
17 Mazatecocho de José María Morelos,
18 Contla de Juan Cuamatzi,
19 Tepetitla de Lardizábal,
20 Sanctórum de Lázaro Cárdenas,
21 Nanacamilpa Marino Arista,
22 Acuamanala de Miguel Hidalgo,
23 Nativitas,
24 Panotla,
25 San Pable del Monte,
26 Santa Cruz Tlaxcala,
27 Tenancingo,
28 Teolocholco,
29 Tepeyanco,
30 Terrenate,
31 Tetla de la Solidaridad,
32 Tetlatlahuca,
33 Tlaxcala,
34 Tlaxco,
35 Tocatlán,
36 Totolac,
37 Zitlaltepec de Trinidad Sanchez Santos,
38 Tzompantepec,
39 Xaloztoc,
40 Xaltocan,
41 Papalotla de Xicohténcatl,
42 Xicohtzingo,
43 Yauhquemehcan,
44 Zacatelco,
45 Benito Juárez,
46 Emiliano Zapata,
47 Lázaro Cárdenas,
48 La Magdalena Tlaltelulco,
49 San Damian Texoloc,
50 San Francisco Tetlanohcan,
51 San Jeronimo Zacyalpan,
52 San Jose Teacalco,
53 San Juan Huactzingo,
54 San Lorenzo Axocomanitla,
55 San Lucas Tecopilco,
56 Santa Ana Napalucan,
57 Santa Apolonia Teacalco,
58 Santa Catarina Ayumetla,
59 Santa Cruz Quilentla,
60 Santa Isabel Xiloxoxtla,
,
,
,
Veracruz (30),
,
1 Acajete,
2 Acatlán,
3 Acayucan,
4 Actopan,
5 Acula,
6 Acultzongo,
7 Camarón de Tejada,
8 Alpatlahua,
9 Alto Lucero de Gutierrez Barrios,
10 Altotonga,
11 Alvarado,
12 Amatitlán,
13 Naranjos Amatlán,
154 Tantima,
155 Tantoyuca,
156 Tatatila,
157 Castillo de Teayo,
158 Tecolutla,
159 Tehuipango,
160 Alamo Temapache,
161 Temporal,
162 Tenampa,
163 Tenochtitlán,
164 Teocelo,
165 Tepatlaxco,
166 Tepetlán,
167 Tepetzintla,
168 Tequila,
169 José Azueta,
170 Texcatepec,
171 Texhuacán,
172 Texistepec,
173 Tezonapa,
174 Tierra Blanca,
175 Tihuatlán,
176 Tlacojalpan,
177 Tlacolulan,
178 Tlacotalpan,
179 Tlacotepec de Mejía,
180 Tlachichilco,
181 Tlalixcoyan,
182 Tlalnelhuayocan,
183 Tlapacoyan,
184 Tlaquilpa,
185 Tlilapan,
186 Tomatlán,
187 Tonayán,
188 Totutla,
189 Tuxpam,
190 Tuxtilla,
191 Ursulo Galván,
192 Vega de Alatorre,
193 Veracruz,
194 Villa Aldama,
195 Xoxocotla,
196 Yanga,
197 Yecuatla,
198 Zacualpan,
199 Zaragoza,
200 Zentla,
201 Zongolica,
202 Zontecomatlán de López y Fuentes,
203 Zozocolco de Hidalgo,
204 Agua Dulce,
205 El Higo,
206 Nanchitlán de Lázaro Cárdenas del Río,
207 Tres Valles,
208 Carlos A. Carrillo,
209 Tatahuicapan de Juárez,
210 Uxpanapa,
211 San Rafael,
212 Santiago Sochiapan,
,
,
,
Yucatán (31),
,
1 Abala,
2 Acanceh,
3 Akil,
4 Baca,
5 Bokobá,
6 Buctzotz,
84,Ixmatlahuacan
85,Ixtaczoquitlán
86,Jalacingo
87,Xalapa
88,Jalcomulco
89,Jáltipan
90,Jamapa
91,Jesús Carranza
92,Xico
93,Jilotepec
94,Juan Rodríguez Clara
95,Juchique de Ferrer
96,Landero y Coss
97,Lerdo de Tejada
98,Magdalena
99,Maltrata
100,Manlio Fabio Altamirano
101,Mariano Escobedo
102,Martínez de la Torre
103,Mecatlán
104,Mecayapan
105,Medellín
106,Miahuatlán
107,Las Minas
108,Minatitlán
109,Misantla
110,Mixtla de Altamirano
111,Moloacán
112,Naolinco
113,Naranjal
114,Nautla
115,Nogales
116,Oluta
117,Omealca
118,Orizaba
119,Otatitlán
120,Oteapan
121,Ozuluama de Mascareñas
122,Pajapan
123,Pánuco
124,Papantla
125,Paso del Macho
126,Paso de Ovejas
127,La Perla
128,Perote
129,Platón Sanchez
130,Playa Vicente
131,Poza Rica de Hidalgo
132,Las Vigas de Ramírez
133,Pueblo Viejo
134,Puente Nacional
135,Rafael Delgado
136,Rafael Lucio
137,Los Reyes
138,Río Blanco
139,Saltabarranca
140,San Andrés Tenejapa
141,San Andrés Tuxtla
142,San Juan Evangelista
143,Santiago Tuxtla
144,Sayula de Alemán
145,Soconusco
146,Sochiapa
147,Soledad Atzompa
148,Soledad de Doblado
149,Soteapan
150,Tamalín
151,Tamiahua
152,Tampico Alto
153,Tancoco
7,Cacalchén
8,Calotmul
9,Cansahcab
10,Cantamayec
11,Celestún
12,Cenotillo
13,Conkal
14,Cuncunul
15,Cuzamá
16,Chacsinkín
17,Chankom
18,Chapab
19,Chemax
20,Chicxulub Pueblo
21,Chichimila
22,Chikindzonot
23,Chocholá
24,Chumayel
25,Dzán
26,Dzemul
27,Dzidzantún
28,Dzilam de Bravo
29,Dzilam González
30,Dzitás
31,Dzoncauich
32,Espita
33,Halachó
34,Hocabá
35,Hoctún
36,Homún
37,Huhí
38,Hunucmá
39,Ixil
40,Izamal
41,Kanasín
42,Kantunil
43,Kaua
44,Kinchil
45,Kopomá
46,Mama
47,Maní
48,Maxcanú
49,Mayapán
50,Mérida
51,Mocochá
52,Motul
53,Muna
54,Muxupip
55,Opichén
56,Oxkutzcab
57,Panabá
58,Peto
59,Progresso
60,Quintana Roo
61,Río Lagartos
62,Sacalum
63,Samahil
64,Sanahcat
65,San Felipe
66,Santa Elena
67,Seyé
68,Sinanché
69,Sotuta
70,Sucilá
71,Sudzal
72,Suma
73,Tahdziú
74,Tahmek
75,Teabo
76,Tecoh
77 Tekal de Venegas,
78 Tekantó,
79 Tekax,
80 Tekit,
81 Tekom,
82 Telchac Pueblo,
83 Telchac Puerto,
84 Temax,
85 Temozón,
86 Tepakán,
87 Tetiz,
88 Teya,
89 Ticul,
90 Timucuy,
91 Tinum,
92 Tixcacalupul,
93 Tixkokob,
94 Tixmehuac,
95 Tixpéual,
96 Tizimín,
97 Tunkás,
98 Tzucacab,
99 Uayma,
100 Ucú,
101 Umán,
102 Valladolid,
103 Xocchel,
104 Yaxcabá,
105 Yaxkukul,
106 Yobaín,
,
,
,
Zacatecas (32),
,
1 Apozol,
2 Apulco,
3 Atolinga,
4 Benito Juárez,
5 Calera,
6 Cañitas de Felipe Pescador,
7 Concepción del Oro,
8 Cuauhtémoc,
9 Chalchihuites,
10 Fresnillo,
11 Trinidad Garcia de la Cadena,
12 Genaro Codina,
13 General Enrique Estrada,
14 General Francisco R. Murguía,
15 El Plateado de Joaquín Amaro,
16 General Pánfilo Natera,
17 Guadalupe,
18 Huanusco,
19 Jalpa,
20 Jerez,
21 Jiménez de Teul,
22 Juan Aldama,
23 Juchipila,
24 Loreto,
25 Luis Moya,
26 Mazapil,
27 Melchor Ocampo,
28 Mezqital del Oro,
29 Miguel Auza,
30 Momax,
31 Monte Escobedo,
32 Morelos,
33 Moyahua de Estrada,
34 Nochistlán de Mejía,
35 Noria de Angeles,
47,Teul de González Ortega
48,Tlaltenango de Sánchez Román
49,Valparaíso
50,Vetagrande
51,Villa de Cos
52,Villa García
53,Villa de González Ortega
54,Villa Hidalgo
55,Villanueva
56,Zacatecas
57,Trancoso
36,Ojocaliente
37,Pánuco
38,Pinos
39,Río Grande
40,Sain Alto
41,El Salvador
42,Sombrerete
43,Susticacán
44,Tabasco
45,Tepechitlán
46,Tepetongo